,Severity,Start_Lat,Start_Lng,End_Lat,End_Lng,Distance(mi),Number,Temperature(F),Wind_Chill(F),Humidity(%),Pressure(in),Visibility(mi),Wind_Speed(mph),Precipitation(in)
count,2845342.0,2845342.0,2845342.0,2845342.0,2845342.0,2845342.0,1101431.0,2776068.0,2375699.0,2772250.0,2786142.0,2774796.0,2687398.0,2295884.0
mean,2.137571511614421,36.245200541858935,-97.11463289012661,36.24532079368946,-97.11438709551716,0.7026778946080996,8089.408113626728,61.793555921540836,59.65823090383087,64.36545224997745,29.472344381585728,9.099391310208034,7.3950442026078775,0.007016939880237856
std,0.47872161859381157,5.363797459836084,18.317819121694075,5.36387299116515,18.31763242329003,1.560360825343849,18360.0939945892,18.622629384408913,21.160967438357964,22.87456810061251,1.0452864968682716,2.7175457451003586,5.527453950436708,0.09348831171402892
min,1.0,24.566027,-124.548074,24.566013,-124.545748,0.0,0.0,-89.0,-89.0,1.0,0.0,0.0,0.0,0.0
25%,2.0,33.445174,-118.0331125,33.446278,-118.03333075,0.052,1270.0,50.0,46.0,48.0,29.31,10.0,3.5,0.0
50%,2.0,36.098609,-92.418076,36.097986500000005,-92.41771800000001,0.244,4007.0,64.0,63.0,67.0,29.82,10.0,7.0,0.0
75%,2.0,40.160243,-80.372431,40.161049250000005,-80.37338299999998,0.764,9567.0,76.0,76.0,83.0,30.01,10.0,10.0,0.0
max,4.0,49.00058,-67.113167,49.075,-67.10924200000001,155.186,9999997.0,196.0,196.0,100.0,58.9,140.0,1087.0,24.0
